{
  "operation": "subtract",
  "dtype": "torch.float32",
  "total_samples_processed": 100000000,
  "methods": {
    "analytical": {
      "num_samples": 100000000,
      "nan_count": 0,
      "inf_count": 0,
      "nan_rate": 0.0,
      "inf_rate": 0.0,
      "mean_squared_error": 5.249451757855928e-08,
      "max_squared_error": 9.5367431640625e-07,
      "median_squared_error": 0.0,
      "q99_squared_error": 9.5367431640625e-07,
      "q99_9_squared_error": 9.5367431640625e-07,
      "q99_99_squared_error": 9.5367431640625e-07,
      "std_squared_error": 1.2532767359582182e-07
    },
    "complex64": {
      "num_samples": 100000000,
      "nan_count": 0,
      "inf_count": 0,
      "nan_rate": 0.0,
      "inf_rate": 0.0,
      "mean_squared_error": 5.249451757855928e-08,
      "max_squared_error": 9.5367431640625e-07,
      "median_squared_error": 0.0,
      "q99_squared_error": 9.5367431640625e-07,
      "q99_9_squared_error": 9.5367431640625e-07,
      "q99_99_squared_error": 9.5367431640625e-07,
      "std_squared_error": 1.2532767359582182e-07
    },
    "complex128": {
      "num_samples": 100000000,
      "nan_count": 0,
      "inf_count": 0,
      "nan_rate": 0.0,
      "inf_rate": 0.0,
      "mean_squared_error": 5.249451757855928e-08,
      "max_squared_error": 9.5367431640625e-07,
      "median_squared_error": 0.0,
      "q99_squared_error": 9.5367431640625e-07,
      "q99_9_squared_error": 9.5367431640625e-07,
      "q99_99_squared_error": 9.5367431640625e-07,
      "std_squared_error": 1.2532767359582182e-07
    },
    "logspace": {
      "num_samples": 100000000,
      "nan_count": 0,
      "inf_count": 0,
      "nan_rate": 0.0,
      "inf_rate": 0.0,
      "mean_squared_error": 5.249451757855928e-08,
      "max_squared_error": 9.5367431640625e-07,
      "median_squared_error": 0.0,
      "q99_squared_error": 9.5367431640625e-07,
      "q99_9_squared_error": 9.5367431640625e-07,
      "q99_99_squared_error": 9.5367431640625e-07,
      "std_squared_error": 1.2532767359582182e-07
    }
  },
  "run_id": 1,
  "success": true,
  "elapsed_time": 570.8683006763458
}