{
  "operation": "add",
  "dtype": "torch.float64",
  "total_samples_processed": 100000000,
  "methods": {
    "analytical": {
      "num_samples": 100000000,
      "nan_count": 0,
      "inf_count": 0,
      "nan_rate": 0.0,
      "inf_rate": 0.0,
      "mean_squared_error": 2.0255166890167107e-25,
      "max_squared_error": 1.3234889800848443e-23,
      "median_squared_error": 0.0,
      "q99_squared_error": 3.308722450212111e-24,
      "q99_9_squared_error": 1.3234889800848443e-23,
      "q99_99_squared_error": 1.3234889800848443e-23,
      "std_squared_error": 9.741366771341835e-25
    },
    "complex64": {
      "num_samples": 100000000,
      "nan_count": 0,
      "inf_count": 0,
      "nan_rate": 0.0,
      "inf_rate": 0.0,
      "mean_squared_error": 2.0255166890167107e-25,
      "max_squared_error": 1.3234889800848443e-23,
      "median_squared_error": 0.0,
      "q99_squared_error": 3.308722450212111e-24,
      "q99_9_squared_error": 1.3234889800848443e-23,
      "q99_99_squared_error": 1.3234889800848443e-23,
      "std_squared_error": 9.741366771341835e-25
    },
    "complex128": {
      "num_samples": 100000000,
      "nan_count": 0,
      "inf_count": 0,
      "nan_rate": 0.0,
      "inf_rate": 0.0,
      "mean_squared_error": 2.0255166890167107e-25,
      "max_squared_error": 1.3234889800848443e-23,
      "median_squared_error": 0.0,
      "q99_squared_error": 3.308722450212111e-24,
      "q99_9_squared_error": 1.3234889800848443e-23,
      "q99_99_squared_error": 1.3234889800848443e-23,
      "std_squared_error": 9.741366771341835e-25
    },
    "logspace": {
      "num_samples": 100000000,
      "nan_count": 0,
      "inf_count": 0,
      "nan_rate": 0.0,
      "inf_rate": 0.0,
      "mean_squared_error": 2.0255166890167107e-25,
      "max_squared_error": 1.3234889800848443e-23,
      "median_squared_error": 0.0,
      "q99_squared_error": 3.308722450212111e-24,
      "q99_9_squared_error": 1.3234889800848443e-23,
      "q99_99_squared_error": 1.3234889800848443e-23,
      "std_squared_error": 9.741366771341835e-25
    }
  },
  "run_id": 4,
  "success": true,
  "elapsed_time": 528.8150174617767
}