{
  "run_id": 7,
  "seed": 24893,
  "optimizer": "schedulefree",
  "init_scales": [
    0.0,
    0.02,
    1e-08,
    1.0,
    3.0,
    10.0
  ],
  "operations": [
    "add",
    "subtract",
    "multiply",
    "divide",
    "identity",
    "reciprocal",
    "cos",
    "sin",
    "cos_add",
    "sin_add",
    "cos_sub",
    "sin_sub"
  ],
  "results": {
    "0.0": {
      "mse_results": {
        "add": 2.0448888765355708e-25,
        "subtract": 2.873394910529889e-25,
        "multiply": 5.876391157793699e-16,
        "divide": 1.6288780484445704e-28,
        "identity": 8.60115241412954e-24,
        "reciprocal": 1.2943738030653162e-08,
        "cos": 2.646685249048092e-18,
        "sin": 4.576437127502459e-09,
        "cos_add": 2.7917367274464906e-10,
        "sin_add": 8.112589559476445e-14,
        "cos_sub": 2.909338788252761e-10,
        "sin_sub": 1.849801609271125e-10
      },
      "convergence_epochs": 5
    },
    "0.02": {
      "mse_results": {
        "add": 2.0448888765355708e-25,
        "subtract": 2.873394910529889e-25,
        "multiply": 5.876391157793699e-16,
        "divide": 1.6288780484445704e-28,
        "identity": 8.60115241412954e-24,
        "reciprocal": 1.1034769747869768e-08,
        "cos": 4.281517539112143e-18,
        "sin": 4.595308839943985e-09,
        "cos_add": 1.7162895907220122e-10,
        "sin_add": 1.4680064205196638e-13,
        "cos_sub": 2.925110713929145e-10,
        "sin_sub": 2.0238282765845512e-10
      },
      "convergence_epochs": 5
    },
    "1e-08": {
      "mse_results": {
        "add": 2.0448888765355708e-25,
        "subtract": 2.873394910529889e-25,
        "multiply": 5.876391157793699e-16,
        "divide": 1.6288780484445704e-28,
        "identity": 8.60115241412954e-24,
        "reciprocal": 1.276868349643152e-08,
        "cos": 2.1615125445767295e-18,
        "sin": 5.699935388421393e-09,
        "cos_add": 2.63603560229297e-10,
        "sin_add": 1.500958262019272e-13,
        "cos_sub": 2.9096673262798816e-10,
        "sin_sub": 1.8535321506133282e-10
      },
      "convergence_epochs": 5
    },
    "1.0": {
      "mse_results": {
        "add": 2.0448888765355708e-25,
        "subtract": 2.873394910529889e-25,
        "multiply": 5.876391157793699e-16,
        "divide": 1.6288780484445704e-28,
        "identity": 8.60115241412954e-24,
        "reciprocal": 6.597963222486693e-10,
        "cos": 1.580330178981876e-19,
        "sin": 4.2438705250118847e-10,
        "cos_add": 7.806941185224729e-09,
        "sin_add": 1.625754531713899e-10,
        "cos_sub": 9.520178202820238e-12,
        "sin_sub": 2.992499957372242e-09
      },
      "convergence_epochs": 8
    },
    "3.0": {
      "mse_results": {
        "add": 2.0448888765355708e-25,
        "subtract": 2.873394910529889e-25,
        "multiply": 5.876391157793699e-16,
        "divide": 1.6288780484445704e-28,
        "identity": 8.60115241412954e-24,
        "reciprocal": 1.194582168713616e-10,
        "cos": 7.899071960665746e-20,
        "sin": 3.452335479671671e-09,
        "cos_add": 4.537185561471466e-12,
        "sin_add": 5.687710426469889e-09,
        "cos_sub": 1.7325977982826477e-12,
        "sin_sub": 3.8653418906839386e-08
      },
      "convergence_epochs": 10
    },
    "10.0": {
      "mse_results": {
        "add": 2.0448888765355708e-25,
        "subtract": 33247931.626512866,
        "multiply": 5.876391157793699e-16,
        "divide": 688.6913701080227,
        "identity": 8.60115241412954e-24,
        "reciprocal": 1.274256322286444e-10,
        "cos": 2.14500677325446e-19,
        "sin": 2.8154202971329164e-12,
        "cos_add": 3.7128137612779166e-26,
        "sin_add": 1.2220675520838605e-12,
        "cos_sub": 0.7475986904104003,
        "sin_sub": 0.7629315247620049
      },
      "convergence_epochs": 10
    }
  }
}