{
  "run_id": 5,
  "seed": 32037,
  "optimizer": "schedulefree",
  "init_scales": [
    0.0,
    0.02,
    1e-08,
    1.0,
    3.0,
    10.0
  ],
  "operations": [
    "add",
    "subtract",
    "multiply",
    "divide",
    "identity",
    "reciprocal",
    "cos",
    "sin",
    "cos_add",
    "sin_add",
    "cos_sub",
    "sin_sub"
  ],
  "results": {
    "0.0": {
      "mse_results": {
        "add": 1.9827208561493854e-25,
        "subtract": 2.8926701809461194e-25,
        "multiply": 5.804239265112605e-16,
        "divide": 1.8574169753214182e-28,
        "identity": 8.677153394393861e-24,
        "reciprocal": 4.685548115670008e-09,
        "cos": 1.9608118188409086e-17,
        "sin": 4.307820061710328e-09,
        "cos_add": 3.4966926260001106e-10,
        "sin_add": 3.9328334432622394e-14,
        "cos_sub": 2.8266983591594604e-10,
        "sin_sub": 2.219226363989875e-10
      },
      "convergence_epochs": 5
    },
    "0.02": {
      "mse_results": {
        "add": 1.9827208561493854e-25,
        "subtract": 2.8926701809461194e-25,
        "multiply": 5.804239265112605e-16,
        "divide": 1.8574169753214182e-28,
        "identity": 8.677153394393861e-24,
        "reciprocal": 3.643202109010237e-09,
        "cos": 2.358999987919611e-17,
        "sin": 4.713405214252102e-09,
        "cos_add": 3.5206746643677533e-10,
        "sin_add": 6.63051245820467e-16,
        "cos_sub": 2.7918942437005416e-10,
        "sin_sub": 3.896710053750405e-10
      },
      "convergence_epochs": 5
    },
    "1e-08": {
      "mse_results": {
        "add": 1.9827208561493854e-25,
        "subtract": 2.8926701809461194e-25,
        "multiply": 5.804239265112605e-16,
        "divide": 1.8574169753214182e-28,
        "identity": 8.677153394393861e-24,
        "reciprocal": 4.6579765697609265e-09,
        "cos": 3.819069014566109e-17,
        "sin": 4.0949185555016015e-09,
        "cos_add": 3.4345234905844586e-10,
        "sin_add": 7.843266192085439e-15,
        "cos_sub": 2.819463892282613e-10,
        "sin_sub": 2.2856483358122123e-10
      },
      "convergence_epochs": 5
    },
    "1.0": {
      "mse_results": {
        "add": 1.9827208561493854e-25,
        "subtract": 2.8926701809461194e-25,
        "multiply": 5.804239265112605e-16,
        "divide": 1.8574169753214182e-28,
        "identity": 8.677153394393861e-24,
        "reciprocal": 1.977542077487138e-11,
        "cos": 3.3236109907498635e-19,
        "sin": 6.800306706938148e-10,
        "cos_add": 3.622726356968626e-11,
        "sin_add": 5.893409007778903e-10,
        "cos_sub": 9.154679283462143e-12,
        "sin_sub": 6.4496740850059594e-09
      },
      "convergence_epochs": 8
    },
    "3.0": {
      "mse_results": {
        "add": 1.9827208561493854e-25,
        "subtract": 2.8926701809461194e-25,
        "multiply": 5.804239265112605e-16,
        "divide": 1.8574169753214182e-28,
        "identity": 8.677153394393861e-24,
        "reciprocal": 1.3858996688155436e-12,
        "cos": 1.5689676619049103e-16,
        "sin": 2.3409270651976488e-08,
        "cos_add": 1.9441977175218898e-10,
        "sin_add": 7.2130654692086385e-09,
        "cos_sub": 1.9205201956124096e-12,
        "sin_sub": 1.8368721998275867e-07
      },
      "convergence_epochs": 9
    },
    "10.0": {
      "mse_results": {
        "add": 1.9827208561493854e-25,
        "subtract": 2.8926701809461194e-25,
        "multiply": 5.804239265112605e-16,
        "divide": 1.8574169753214182e-28,
        "identity": 8.677153394393861e-24,
        "reciprocal": 1.399897159099124e-14,
        "cos": 9.443075258573665e-36,
        "sin": 5.1091239443968313e-11,
        "cos_add": 5.780936197699669e-09,
        "sin_add": 4.13948698135909e-09,
        "cos_sub": 1.0349711610045874e-12,
        "sin_sub": 0.7501122211239651
      },
      "convergence_epochs": 10
    }
  }
}