{
  "run_id": 3,
  "seed": 12695,
  "optimizer": "schedulefree",
  "init_scales": [
    0.0,
    0.02,
    1e-08,
    1.0,
    3.0,
    10.0
  ],
  "operations": [
    "add",
    "subtract",
    "multiply",
    "divide",
    "identity",
    "reciprocal",
    "cos",
    "sin",
    "cos_add",
    "sin_add",
    "cos_sub",
    "sin_sub"
  ],
  "results": {
    "0.0": {
      "mse_results": {
        "add": 2.011818445774776e-25,
        "subtract": 2.8770825202987184e-25,
        "multiply": 5.888906111634271e-16,
        "divide": 1.440345410675051e-28,
        "identity": 8.708695630070686e-24,
        "reciprocal": 5.16956664326518e-10,
        "cos": 6.123487215647076e-19,
        "sin": 3.5812113939014973e-10,
        "cos_add": 1.4407644333909598e-11,
        "sin_add": 1.7261255430958755e-15,
        "cos_sub": 1.8953374068584213e-11,
        "sin_sub": 1.7615918307696485e-11
      },
      "convergence_epochs": 7
    },
    "0.02": {
      "mse_results": {
        "add": 2.011818445774776e-25,
        "subtract": 2.8770825202987184e-25,
        "multiply": 5.888906111634271e-16,
        "divide": 1.440345410675051e-28,
        "identity": 8.708695630070686e-24,
        "reciprocal": 6.373174425606041e-10,
        "cos": 8.10506065152909e-20,
        "sin": 3.286074891750989e-10,
        "cos_add": 2.362162546503872e-11,
        "sin_add": 5.278814622175856e-17,
        "cos_sub": 1.8651531247249145e-11,
        "sin_sub": 1.4466004547190218e-11
      },
      "convergence_epochs": 7
    },
    "1e-08": {
      "mse_results": {
        "add": 2.011818445774776e-25,
        "subtract": 2.8770825202987184e-25,
        "multiply": 5.888906111634271e-16,
        "divide": 1.440345410675051e-28,
        "identity": 8.708695630070686e-24,
        "reciprocal": 5.498227526722735e-10,
        "cos": 8.6603798065671315e-19,
        "sin": 3.567977861316074e-10,
        "cos_add": 1.464049862083663e-11,
        "sin_add": 2.9371978293675985e-16,
        "cos_sub": 1.893150217389368e-11,
        "sin_sub": 1.7670437799222718e-11
      },
      "convergence_epochs": 7
    },
    "1.0": {
      "mse_results": {
        "add": 2.011818445774776e-25,
        "subtract": 2.8770825202987184e-25,
        "multiply": 5.888906111634271e-16,
        "divide": 1.440345410675051e-28,
        "identity": 8.708695630070686e-24,
        "reciprocal": 8.560072728655302e-10,
        "cos": 1.7350381171526058e-19,
        "sin": 1.0349445338590177e-11,
        "cos_add": 2.2694561062255106e-10,
        "sin_add": 1.0622178622423967e-09,
        "cos_sub": 3.625095956984794e-12,
        "sin_sub": 1.6304958819763045e-10
      },
      "convergence_epochs": 9
    },
    "3.0": {
      "mse_results": {
        "add": 2.011818445774776e-25,
        "subtract": 2.8770825202987184e-25,
        "multiply": 5.888906111634271e-16,
        "divide": 1.440345410675051e-28,
        "identity": 8.708695630070686e-24,
        "reciprocal": 1.2566055232966141e-09,
        "cos": 9.401772411027697e-15,
        "sin": 1.0020916511916589,
        "cos_add": 1.6122664981594346e-09,
        "sin_add": 2.7596529302466434e-08,
        "cos_sub": 5.876239339013615e-26,
        "sin_sub": 4.0012559067789007e-10
      },
      "convergence_epochs": 10
    },
    "10.0": {
      "mse_results": {
        "add": 33467039.51985095,
        "subtract": 2.8770825202987184e-25,
        "multiply": 1122752098681460.8,
        "divide": 1.440345410675051e-28,
        "identity": 8.708695630070686e-24,
        "reciprocal": 4.0152130616621605e-08,
        "cos": 9.765830742478941e-36,
        "sin": 1.0021258386366338,
        "cos_add": 0.5511208205179623,
        "sin_add": 1.0259773919331107e-12,
        "cos_sub": 5.876239339013615e-26,
        "sin_sub": 1.866766024396518e-08
      },
      "convergence_epochs": 10
    }
  }
}