{
  "run_id": 0,
  "seed": 38928,
  "optimizer": "schedulefree",
  "init_scales": [
    0.0,
    0.02,
    1e-08,
    1.0,
    3.0,
    10.0
  ],
  "operations": [
    "add",
    "subtract",
    "multiply",
    "divide",
    "identity",
    "reciprocal",
    "cos",
    "sin",
    "cos_add",
    "sin_add",
    "cos_sub",
    "sin_sub"
  ],
  "results": {
    "0.0": {
      "mse_results": {
        "add": 2.0186705309461928e-25,
        "subtract": 2.872239024534308e-25,
        "multiply": 5.876174273968808e-16,
        "divide": 1.6416641194367264e-28,
        "identity": 8.664949522480046e-24,
        "reciprocal": 2.1951814854581648e-09,
        "cos": 8.719861134286018e-18,
        "sin": 4.989256005129254e-09,
        "cos_add": 4.0903258632704546e-10,
        "sin_add": 5.192142337840515e-15,
        "cos_sub": 2.6715372733130206e-10,
        "sin_sub": 2.393422763607822e-10
      },
      "convergence_epochs": 5
    },
    "0.02": {
      "mse_results": {
        "add": 2.0186705309461928e-25,
        "subtract": 2.872239024534308e-25,
        "multiply": 5.876174273968808e-16,
        "divide": 1.6416641194367264e-28,
        "identity": 8.664949522480046e-24,
        "reciprocal": 3.0321302418264377e-09,
        "cos": 9.826213864410791e-18,
        "sin": 4.0748820157082795e-09,
        "cos_add": 3.691666183315306e-10,
        "sin_add": 4.841292573634461e-15,
        "cos_sub": 2.353814082182344e-10,
        "sin_sub": 2.313311744949828e-10
      },
      "convergence_epochs": 5
    },
    "1e-08": {
      "mse_results": {
        "add": 2.0186705309461928e-25,
        "subtract": 2.872239024534308e-25,
        "multiply": 5.876174273968808e-16,
        "divide": 1.6416641194367264e-28,
        "identity": 8.664949522480046e-24,
        "reciprocal": 2.415395627617533e-09,
        "cos": 1.1198665455535573e-17,
        "sin": 5.558188877380825e-09,
        "cos_add": 4.010068664869352e-10,
        "sin_add": 3.892551794419744e-16,
        "cos_sub": 2.6626494052349883e-10,
        "sin_sub": 2.3835129985846424e-10
      },
      "convergence_epochs": 5
    },
    "1.0": {
      "mse_results": {
        "add": 2.0186705309461928e-25,
        "subtract": 2.872239024534308e-25,
        "multiply": 5.876174273968808e-16,
        "divide": 1.6416641194367264e-28,
        "identity": 8.664949522480046e-24,
        "reciprocal": 4.673875671422434e-09,
        "cos": 5.210106303196399e-19,
        "sin": 4.291899975162215e-11,
        "cos_add": 4.1631597290269894e-10,
        "sin_add": 2.0883390038458778e-16,
        "cos_sub": 8.699081990866593e-12,
        "sin_sub": 3.406297978437977e-11
      },
      "convergence_epochs": 8
    },
    "3.0": {
      "mse_results": {
        "add": 2.0186705309461928e-25,
        "subtract": 2.872239024534308e-25,
        "multiply": 5.876174273968808e-16,
        "divide": 1.6416641194367264e-28,
        "identity": 8.664949522480046e-24,
        "reciprocal": 1.3486438117802236e-09,
        "cos": 8.28826960832585e-36,
        "sin": 1.0025067312513138,
        "cos_add": 2.005617818990896e-09,
        "sin_add": 4.2244049196193235e-16,
        "cos_sub": 5.988214956458556e-26,
        "sin_sub": 1.105440004926485e-12
      },
      "convergence_epochs": 10
    },
    "10.0": {
      "mse_results": {
        "add": 33426522.592439003,
        "subtract": 2.872239024534308e-25,
        "multiply": 1115521285228995.9,
        "divide": 1.6416641194367264e-28,
        "identity": 37691.80945529928,
        "reciprocal": 1.0000616428550482,
        "cos": 1.9948645379469592,
        "sin": 1.2502319592833377,
        "cos_add": 6.024222702005574e-12,
        "sin_add": 2.9465041098980256e-15,
        "cos_sub": 5.988214956458556e-26,
        "sin_sub": 1.6267988534145216e-09
      },
      "convergence_epochs": 10
    }
  }
}