{
  "run_id": 9,
  "seed": 88510,
  "optimizer": "schedulefree",
  "init_scales": [
    0.0,
    0.02,
    1e-08,
    1.0,
    3.0,
    10.0
  ],
  "operations": [
    "add",
    "subtract",
    "multiply",
    "divide",
    "identity",
    "reciprocal",
    "cos",
    "sin",
    "cos_add",
    "sin_add",
    "cos_sub",
    "sin_sub"
  ],
  "results": {
    "0.0": {
      "mse_results": {
        "add": 2.0250815450770892e-25,
        "subtract": 3.004875235584845e-25,
        "multiply": 5.908032384245457e-16,
        "divide": 2.635072728370959e-28,
        "identity": 8.696713948108541e-24,
        "reciprocal": 4.1714920609833475e-09,
        "cos": 4.1468091842409826e-19,
        "sin": 2.878760459919622e-10,
        "cos_add": 1.3227810458562344e-11,
        "sin_add": 6.139861848484795e-16,
        "cos_sub": 1.978797580025894e-11,
        "sin_sub": 1.716684609034062e-11
      },
      "convergence_epochs": 7
    },
    "0.02": {
      "mse_results": {
        "add": 2.0250815450770892e-25,
        "subtract": 3.004875235584845e-25,
        "multiply": 5.908032384245457e-16,
        "divide": 2.635072728370959e-28,
        "identity": 8.696713948108541e-24,
        "reciprocal": 3.5699895487052728e-09,
        "cos": 2.9262437258171096e-19,
        "sin": 5.000561362210945e-10,
        "cos_add": 1.4756082987979796e-11,
        "sin_add": 4.6917420475297e-17,
        "cos_sub": 1.97562666639271e-11,
        "sin_sub": 1.5730127412263873e-11
      },
      "convergence_epochs": 7
    },
    "1e-08": {
      "mse_results": {
        "add": 2.0250815450770892e-25,
        "subtract": 3.004875235584845e-25,
        "multiply": 5.908032384245457e-16,
        "divide": 2.635072728370959e-28,
        "identity": 8.696713948108541e-24,
        "reciprocal": 4.134479392865598e-09,
        "cos": 6.000984069513748e-19,
        "sin": 3.3235147042225583e-10,
        "cos_add": 1.32015515467252e-11,
        "sin_add": 8.722501035428917e-16,
        "cos_sub": 1.9760885179491193e-11,
        "sin_sub": 1.6955292376471383e-11
      },
      "convergence_epochs": 7
    },
    "1.0": {
      "mse_results": {
        "add": 2.0250815450770892e-25,
        "subtract": 3.004875235584845e-25,
        "multiply": 5.908032384245457e-16,
        "divide": 2.635072728370959e-28,
        "identity": 8.696713948108541e-24,
        "reciprocal": 1.317852776973236e-09,
        "cos": 7.06022515971714e-19,
        "sin": 9.34019107127731e-05,
        "cos_add": 1.5732743315853736e-12,
        "sin_add": 7.835750648189422e-11,
        "cos_sub": 5.966374910509154e-26,
        "sin_sub": 2.532296359641167e-10
      },
      "convergence_epochs": 10
    },
    "3.0": {
      "mse_results": {
        "add": 2.0250815450770892e-25,
        "subtract": 3.004875235584845e-25,
        "multiply": 5.908032384245457e-16,
        "divide": 2.635072728370959e-28,
        "identity": 8.696713948108541e-24,
        "reciprocal": 4.307994285662569e-09,
        "cos": 1.3217792847645898e-18,
        "sin": 0.00016287777081948026,
        "cos_add": 2.0262559358796772e-10,
        "sin_add": 1.0207192466614862e-08,
        "cos_sub": 5.966374910509154e-26,
        "sin_sub": 7.047984382750014e-09
      },
      "convergence_epochs": 10
    },
    "10.0": {
      "mse_results": {
        "add": 2.0250815450770892e-25,
        "subtract": 3.004875235584845e-25,
        "multiply": 5.908032384245457e-16,
        "divide": 2.635072728370959e-28,
        "identity": 8.696713948108541e-24,
        "reciprocal": 2.9364213992927486e-08,
        "cos": 7.43307395821562e-36,
        "sin": 0.0027832103648524854,
        "cos_add": 0.7531844499823821,
        "sin_add": 3.732582505826179e-26,
        "cos_sub": 5.966374910509154e-26,
        "sin_sub": 2.8573295002938692e-11
      },
      "convergence_epochs": 10
    }
  }
}