{
  "run_id": 8,
  "seed": 56681,
  "optimizer": "schedulefree",
  "init_scales": [
    0.0,
    0.02,
    1e-08,
    1.0,
    3.0,
    10.0
  ],
  "operations": [
    "add",
    "subtract",
    "multiply",
    "divide",
    "identity",
    "reciprocal",
    "cos",
    "sin",
    "cos_add",
    "sin_add",
    "cos_sub",
    "sin_sub"
  ],
  "results": {
    "0.0": {
      "mse_results": {
        "add": 2.0408757869465758e-25,
        "subtract": 2.785788033863815e-25,
        "multiply": 5.9263640698842e-16,
        "divide": 2.4393747205849364e-28,
        "identity": 8.689431924194626e-24,
        "reciprocal": 2.8744382862789228e-08,
        "cos": 1.1913823992343203e-17,
        "sin": 5.059964684989047e-09,
        "cos_add": 2.91193359796819e-10,
        "sin_add": 1.0399467644188099e-14,
        "cos_sub": 2.696267359377157e-10,
        "sin_sub": 1.990545590930393e-10
      },
      "convergence_epochs": 5
    },
    "0.02": {
      "mse_results": {
        "add": 2.0408757869465758e-25,
        "subtract": 2.785788033863815e-25,
        "multiply": 5.9263640698842e-16,
        "divide": 2.4393747205849364e-28,
        "identity": 8.689431924194626e-24,
        "reciprocal": 2.4304601542291384e-08,
        "cos": 7.15481747982807e-18,
        "sin": 4.577403747664258e-09,
        "cos_add": 3.8254558905211765e-10,
        "sin_add": 6.2391510324433225e-15,
        "cos_sub": 2.7021060671848116e-10,
        "sin_sub": 1.8408123795304398e-10
      },
      "convergence_epochs": 5
    },
    "1e-08": {
      "mse_results": {
        "add": 2.0408757869465758e-25,
        "subtract": 2.785788033863815e-25,
        "multiply": 5.9263640698842e-16,
        "divide": 2.4393747205849364e-28,
        "identity": 8.689431924194626e-24,
        "reciprocal": 2.794161135181794e-08,
        "cos": 9.250445470181762e-18,
        "sin": 4.8367817731651795e-09,
        "cos_add": 2.9974917213229305e-10,
        "sin_add": 2.3993466261422425e-14,
        "cos_sub": 2.6942337047755893e-10,
        "sin_sub": 1.980847484720224e-10
      },
      "convergence_epochs": 5
    },
    "1.0": {
      "mse_results": {
        "add": 2.0408757869465758e-25,
        "subtract": 2.785788033863815e-25,
        "multiply": 5.9263640698842e-16,
        "divide": 2.4393747205849364e-28,
        "identity": 8.689431924194626e-24,
        "reciprocal": 4.495129849087128e-10,
        "cos": 3.189441331546176e-19,
        "sin": 6.4622614560669265e-06,
        "cos_add": 2.4099140304904465e-10,
        "sin_add": 2.1267123171612723e-11,
        "cos_sub": 5.650621588898594e-26,
        "sin_sub": 8.50316798797212e-10
      },
      "convergence_epochs": 10
    },
    "3.0": {
      "mse_results": {
        "add": 2.0408757869465758e-25,
        "subtract": 2.785788033863815e-25,
        "multiply": 5.9263640698842e-16,
        "divide": 2.4393747205849364e-28,
        "identity": 8.689431924194626e-24,
        "reciprocal": 1.3450134893359693e-09,
        "cos": 6.912282941027314e-36,
        "sin": 0.0001683352161507942,
        "cos_add": 4.407142321635869e-09,
        "sin_add": 1.4878479614828755e-09,
        "cos_sub": 5.650621588898594e-26,
        "sin_sub": 1.0364449871225217e-07
      },
      "convergence_epochs": 10
    },
    "10.0": {
      "mse_results": {
        "add": 33535292.906720668,
        "subtract": 66639522.3396249,
        "multiply": 1116877184925279.6,
        "divide": 844.1453829292057,
        "identity": 8.689431924194626e-24,
        "reciprocal": 1.861685576632541e-09,
        "cos": 3.5634811022812904e-08,
        "sin": 0.043074321211465795,
        "cos_add": 2.2128631128152443,
        "sin_add": 3.3911765226457545e-10,
        "cos_sub": 1.4379963957026768e-12,
        "sin_sub": 0.7540253163647059
      },
      "convergence_epochs": 10
    }
  }
}