{
  "run_id": 2,
  "seed": 71526,
  "optimizer": "schedulefree",
  "init_scales": [
    0.0,
    0.02,
    1e-08,
    1.0,
    3.0,
    10.0
  ],
  "operations": [
    "add",
    "subtract",
    "multiply",
    "divide",
    "identity",
    "reciprocal",
    "cos",
    "sin",
    "cos_add",
    "sin_add",
    "cos_sub",
    "sin_sub"
  ],
  "results": {
    "0.0": {
      "mse_results": {
        "add": 2.0311714736682334e-25,
        "subtract": 2.836763123294307e-25,
        "multiply": 5.891329907400751e-16,
        "divide": 1.333380634880426e-28,
        "identity": 8.657602867139076e-24,
        "reciprocal": 2.263358603858088e-06,
        "cos": 1.1748859055322528e-19,
        "sin": 1.3987165996288584e-09,
        "cos_add": 1.0447448389138001e-10,
        "sin_add": 3.679922388553213e-15,
        "cos_sub": 5.921551111099772e-11,
        "sin_sub": 4.6453559598895964e-11
      },
      "convergence_epochs": 6
    },
    "0.02": {
      "mse_results": {
        "add": 2.0311714736682334e-25,
        "subtract": 2.836763123294307e-25,
        "multiply": 5.891329907400751e-16,
        "divide": 1.333380634880426e-28,
        "identity": 8.657602867139076e-24,
        "reciprocal": 1.8692781838327738e-06,
        "cos": 3.6891959659203467e-20,
        "sin": 1.1665706412220136e-09,
        "cos_add": 7.530510083652468e-11,
        "sin_add": 8.571948115740522e-16,
        "cos_sub": 5.96624063403698e-11,
        "sin_sub": 3.964828455075359e-11
      },
      "convergence_epochs": 6
    },
    "1e-08": {
      "mse_results": {
        "add": 2.0311714736682334e-25,
        "subtract": 2.836763123294307e-25,
        "multiply": 5.891329907400751e-16,
        "divide": 1.333380634880426e-28,
        "identity": 8.657602867139076e-24,
        "reciprocal": 2.225112677993303e-06,
        "cos": 1.103023715866977e-19,
        "sin": 1.6787692629543802e-09,
        "cos_add": 1.0351173165557372e-10,
        "sin_add": 7.116689619361728e-15,
        "cos_sub": 5.921436198393108e-11,
        "sin_sub": 4.579025874078124e-11
      },
      "convergence_epochs": 6
    },
    "1.0": {
      "mse_results": {
        "add": 2.0311714736682334e-25,
        "subtract": 2.836763123294307e-25,
        "multiply": 5.891329907400751e-16,
        "divide": 1.333380634880426e-28,
        "identity": 8.657602867139076e-24,
        "reciprocal": 6.402626140451719e-07,
        "cos": 4.301242013270517e-19,
        "sin": 7.421948710110687e-10,
        "cos_add": 5.726093937245605e-09,
        "sin_add": 1.7992683582515317e-10,
        "cos_sub": 1.0645763182372916e-11,
        "sin_sub": 2.4270047135313537e-09
      },
      "convergence_epochs": 8
    },
    "3.0": {
      "mse_results": {
        "add": 2.0311714736682334e-25,
        "subtract": 2.836763123294307e-25,
        "multiply": 5.891329907400751e-16,
        "divide": 1.333380634880426e-28,
        "identity": 8.657602867139076e-24,
        "reciprocal": 1.5092088139716472e-07,
        "cos": 3.165681199446837e-19,
        "sin": 4.468577609050474e-09,
        "cos_add": 9.574591561057237e-08,
        "sin_add": 8.194852276602471e-09,
        "cos_sub": 5.769147162425505e-26,
        "sin_sub": 2.0162748134567333e-08
      },
      "convergence_epochs": 10
    },
    "10.0": {
      "mse_results": {
        "add": 33314784.90324643,
        "subtract": 40602425.7527068,
        "multiply": 1109060805731745.5,
        "divide": 4745.733157818048,
        "identity": 8.657602867139076e-24,
        "reciprocal": 8.189146553444245e-08,
        "cos": 6.582016048220284e-36,
        "sin": 1.567445750027955e-11,
        "cos_add": 1.817799755672714e-11,
        "sin_add": 1.0017142974924866,
        "cos_sub": 0.7483630848847252,
        "sin_sub": 0.7593012575342465
      },
      "convergence_epochs": 10
    }
  }
}