{
  "run_id": 6,
  "seed": 30811,
  "optimizer": "schedulefree",
  "init_scales": [
    0.0,
    0.02,
    1e-08,
    1.0,
    3.0,
    10.0
  ],
  "operations": [
    "add",
    "subtract",
    "multiply",
    "divide",
    "identity",
    "reciprocal",
    "cos",
    "sin",
    "cos_add",
    "sin_add",
    "cos_sub",
    "sin_sub"
  ],
  "results": {
    "0.0": {
      "mse_results": {
        "add": 1.993529408260926e-25,
        "subtract": 2.8651876416659645e-25,
        "multiply": 5.806788959900391e-16,
        "divide": 1.7118602079419085e-28,
        "identity": 8.650040976713745e-24,
        "reciprocal": 3.2535421313262806e-08,
        "cos": 1.2120273535182053e-17,
        "sin": 6.200983911216508e-09,
        "cos_add": 4.423314035080777e-10,
        "sin_add": 3.036257399929876e-14,
        "cos_sub": 2.1494797221388043e-10,
        "sin_sub": 2.3632365575975e-10
      },
      "convergence_epochs": 5
    },
    "0.02": {
      "mse_results": {
        "add": 1.993529408260926e-25,
        "subtract": 2.8651876416659645e-25,
        "multiply": 5.806788959900391e-16,
        "divide": 1.7118602079419085e-28,
        "identity": 8.650040976713745e-24,
        "reciprocal": 2.4408209724904765e-08,
        "cos": 1.0043695992743683e-17,
        "sin": 6.5668895609672855e-09,
        "cos_add": 2.711865806381118e-10,
        "sin_add": 2.864676303260257e-14,
        "cos_sub": 2.1539418799215241e-10,
        "sin_sub": 3.4863893267077e-10
      },
      "convergence_epochs": 5
    },
    "1e-08": {
      "mse_results": {
        "add": 1.993529408260926e-25,
        "subtract": 2.8651876416659645e-25,
        "multiply": 5.806788959900391e-16,
        "divide": 1.7118602079419085e-28,
        "identity": 8.650040976713745e-24,
        "reciprocal": 3.2378953750957113e-08,
        "cos": 1.571953321479771e-17,
        "sin": 6.260932973965454e-09,
        "cos_add": 4.3123280910405315e-10,
        "sin_add": 9.927865529658763e-15,
        "cos_sub": 2.1504211385018214e-10,
        "sin_sub": 2.4346970333932544e-10
      },
      "convergence_epochs": 5
    },
    "1.0": {
      "mse_results": {
        "add": 1.993529408260926e-25,
        "subtract": 2.8651876416659645e-25,
        "multiply": 5.806788959900391e-16,
        "divide": 1.7118602079419085e-28,
        "identity": 8.650040976713745e-24,
        "reciprocal": 5.736179402881138e-11,
        "cos": 8.184142119341203e-18,
        "sin": 8.148897928634426e-09,
        "cos_add": 2.1082226754833477e-09,
        "sin_add": 3.4431274330425275e-12,
        "cos_sub": 1.3416466341410723e-12,
        "sin_sub": 3.067664493763518e-09
      },
      "convergence_epochs": 9
    },
    "3.0": {
      "mse_results": {
        "add": 1.993529408260926e-25,
        "subtract": 2.8651876416659645e-25,
        "multiply": 5.806788959900391e-16,
        "divide": 1.7118602079419085e-28,
        "identity": 8.650040976713745e-24,
        "reciprocal": 2.3216421317520086e-12,
        "cos": 3.738538284501022e-16,
        "sin": 1.0019406741479242,
        "cos_add": 4.477394060355993e-08,
        "sin_add": 1.42108868146289e-10,
        "cos_sub": 5.944645558077806e-26,
        "sin_sub": 1.363890865679329e-07
      },
      "convergence_epochs": 10
    },
    "10.0": {
      "mse_results": {
        "add": 1.993529408260926e-25,
        "subtract": 33340358.762534738,
        "multiply": 5.806788959900391e-16,
        "divide": 776.3610532595126,
        "identity": 33340306.402665593,
        "reciprocal": 4.2032421647193734e-14,
        "cos": 0.04300239084406834,
        "sin": 1.0017025952254937,
        "cos_add": 5.456159973258612e-12,
        "sin_add": 7.076924784071913e-09,
        "cos_sub": 4.297664797810871e-12,
        "sin_sub": 1.00214999421638e-11
      },
      "convergence_epochs": 10
    }
  }
}