{
  "run_id": 1,
  "seed": 14624,
  "optimizer": "schedulefree",
  "init_scales": [
    0.0,
    0.02,
    1e-08,
    1.0,
    3.0,
    10.0
  ],
  "operations": [
    "add",
    "subtract",
    "multiply",
    "divide",
    "identity",
    "reciprocal",
    "cos",
    "sin",
    "cos_add",
    "sin_add",
    "cos_sub",
    "sin_sub"
  ],
  "results": {
    "0.0": {
      "mse_results": {
        "add": 2.0682153787235103e-25,
        "subtract": 2.9383553901240535e-25,
        "multiply": 5.794253729499514e-16,
        "divide": 1.9538332066877728e-28,
        "identity": 8.6693075157028e-24,
        "reciprocal": 3.9757769297288825e-08,
        "cos": 8.719789786067476e-18,
        "sin": 5.893560828209783e-09,
        "cos_add": 1.8425300078022036e-10,
        "sin_add": 4.1038978754133685e-15,
        "cos_sub": 2.866683096476938e-10,
        "sin_sub": 2.476629992504376e-10
      },
      "convergence_epochs": 5
    },
    "0.02": {
      "mse_results": {
        "add": 2.0682153787235103e-25,
        "subtract": 2.9383553901240535e-25,
        "multiply": 5.794253729499514e-16,
        "divide": 1.9538332066877728e-28,
        "identity": 8.6693075157028e-24,
        "reciprocal": 4.514410667512797e-08,
        "cos": 1.3981986462786055e-21,
        "sin": 5.164810979270775e-09,
        "cos_add": 1.8476829041376568e-10,
        "sin_add": 9.305997448928855e-16,
        "cos_sub": 2.886705128009581e-10,
        "sin_sub": 3.1377933084078633e-10
      },
      "convergence_epochs": 5
    },
    "1e-08": {
      "mse_results": {
        "add": 2.0682153787235103e-25,
        "subtract": 2.9383553901240535e-25,
        "multiply": 5.794253729499514e-16,
        "divide": 1.9538332066877728e-28,
        "identity": 8.6693075157028e-24,
        "reciprocal": 3.5595518335169986e-08,
        "cos": 1.2104061643227448e-18,
        "sin": 6.1798464762834105e-09,
        "cos_add": 1.8726176104407354e-10,
        "sin_add": 6.503337410700377e-15,
        "cos_sub": 2.8736243370785953e-10,
        "sin_sub": 2.507965744098858e-10
      },
      "convergence_epochs": 5
    },
    "1.0": {
      "mse_results": {
        "add": 2.0682153787235103e-25,
        "subtract": 2.9383553901240535e-25,
        "multiply": 5.794253729499514e-16,
        "divide": 1.9538332066877728e-28,
        "identity": 8.6693075157028e-24,
        "reciprocal": 5.3551768087087223e-08,
        "cos": 6.682246826088786e-16,
        "sin": 4.6696027110219295e-11,
        "cos_add": 1.757609665836269e-10,
        "sin_add": 6.937612356233308e-13,
        "cos_sub": 3.777752870008242e-11,
        "sin_sub": 4.5055702352961664e-10
      },
      "convergence_epochs": 7
    },
    "3.0": {
      "mse_results": {
        "add": 2.0682153787235103e-25,
        "subtract": 2.9383553901240535e-25,
        "multiply": 5.794253729499514e-16,
        "divide": 1.9538332066877728e-28,
        "identity": 8.6693075157028e-24,
        "reciprocal": 7.603127767529906e-08,
        "cos": 2.5509619907151717e-12,
        "sin": 1.2705048519234129e-09,
        "cos_add": 1.5326884374542244e-09,
        "sin_add": 5.678254921866496e-10,
        "cos_sub": 6.893232084600117e-11,
        "sin_sub": 3.5607477889603353e-09
      },
      "convergence_epochs": 7
    },
    "10.0": {
      "mse_results": {
        "add": 2.0682153787235103e-25,
        "subtract": 2.9383553901240535e-25,
        "multiply": 5.794253729499514e-16,
        "divide": 1.9538332066877728e-28,
        "identity": 33354840.538564786,
        "reciprocal": 2.1705160240992256e-09,
        "cos": 0.24957689997656987,
        "sin": 8.176874954417532e-09,
        "cos_add": 3.836509201638533e-26,
        "sin_add": 1.4811505431484338e-09,
        "cos_sub": 0.7908549367910602,
        "sin_sub": 0.5816081301910924
      },
      "convergence_epochs": 10
    }
  }
}