{
  "run_id": 4,
  "seed": 34702,
  "optimizer": "schedulefree",
  "init_scales": [
    0.0,
    0.02,
    1e-08,
    1.0,
    3.0,
    10.0
  ],
  "operations": [
    "add",
    "subtract",
    "multiply",
    "divide",
    "identity",
    "reciprocal",
    "cos",
    "sin",
    "cos_add",
    "sin_add",
    "cos_sub",
    "sin_sub"
  ],
  "results": {
    "0.0": {
      "mse_results": {
        "add": 2.090214857578535e-25,
        "subtract": 2.8788265031345835e-25,
        "multiply": 5.716243847581532e-16,
        "divide": 1.906431434683972e-28,
        "identity": 8.661501345980167e-24,
        "reciprocal": 3.791492620697797e-07,
        "cos": 2.1267826985370236e-17,
        "sin": 3.6073307422928055e-09,
        "cos_add": 1.7707558843698311e-10,
        "sin_add": 6.580148149924308e-14,
        "cos_sub": 2.855399630039176e-10,
        "sin_sub": 2.0418503716853287e-10
      },
      "convergence_epochs": 5
    },
    "0.02": {
      "mse_results": {
        "add": 2.090214857578535e-25,
        "subtract": 2.8788265031345835e-25,
        "multiply": 5.716243847581532e-16,
        "divide": 1.906431434683972e-28,
        "identity": 8.661501345980167e-24,
        "reciprocal": 3.882748897003093e-07,
        "cos": 4.588078201877371e-17,
        "sin": 3.5334036982026082e-09,
        "cos_add": 2.143855002899473e-10,
        "sin_add": 5.5463044851776485e-15,
        "cos_sub": 2.8723351356860153e-10,
        "sin_sub": 2.4453285848331834e-10
      },
      "convergence_epochs": 5
    },
    "1e-08": {
      "mse_results": {
        "add": 2.090214857578535e-25,
        "subtract": 2.8788265031345835e-25,
        "multiply": 5.716243847581532e-16,
        "divide": 1.906431434683972e-28,
        "identity": 8.661501345980167e-24,
        "reciprocal": 1.1854061014183314e-07,
        "cos": 4.005700078443922e-19,
        "sin": 8.285050029103199e-10,
        "cos_add": 3.827463949632017e-11,
        "sin_add": 5.148629263645882e-15,
        "cos_sub": 6.048810300178798e-11,
        "sin_sub": 5.0849787762073133e-11
      },
      "convergence_epochs": 6
    },
    "1.0": {
      "mse_results": {
        "add": 2.090214857578535e-25,
        "subtract": 2.8788265031345835e-25,
        "multiply": 5.716243847581532e-16,
        "divide": 1.906431434683972e-28,
        "identity": 8.661501345980167e-24,
        "reciprocal": 1.77488514497556e-08,
        "cos": 1.1065839675495019e-16,
        "sin": 1.9058728924503178e-05,
        "cos_add": 8.490346235707507e-10,
        "sin_add": 9.449973769664383e-12,
        "cos_sub": 5.75535543834487e-26,
        "sin_sub": 3.718447657970131e-10
      },
      "convergence_epochs": 10
    },
    "3.0": {
      "mse_results": {
        "add": 2.090214857578535e-25,
        "subtract": 2.8788265031345835e-25,
        "multiply": 5.716243847581532e-16,
        "divide": 1.906431434683972e-28,
        "identity": 8.661501345980167e-24,
        "reciprocal": 2.419061054144906e-07,
        "cos": 7.793997743692095e-36,
        "sin": 3.269628503450031e-05,
        "cos_add": 2.2619210349654853e-08,
        "sin_add": 3.955947772736021e-10,
        "cos_sub": 2.7820598939633606e-12,
        "sin_sub": 1.362281233403667e-10
      },
      "convergence_epochs": 10
    },
    "10.0": {
      "mse_results": {
        "add": 2.090214857578535e-25,
        "subtract": 42115559.13099268,
        "multiply": 5.716243847581532e-16,
        "divide": 2491.48456692091,
        "identity": 8.661501345980167e-24,
        "reciprocal": 1.0017832813906984,
        "cos": 7.793997743692095e-36,
        "sin": 7.702385112150574e-05,
        "cos_add": 9.846493138897196e-11,
        "sin_add": 1.1549289660715324e-08,
        "cos_sub": 0.7646550715487432,
        "sin_sub": 5.977676927916401e-26
      },
      "convergence_epochs": 10
    }
  }
}